Name,Tier,Serial,,
A.J. Brown,Legendary,9,,
A.J. Brown,Elite,8,,
A.J. Green,Legendary,8,,
A.J. Green,Reignmaker,1,,
A.J. Green,Elite,29,,
A.J. Green,Rare,82,,
A.J. Green,Rare,32,,
A.J. Green,Reignmaker,2,,
Aaron Jones,Legendary,3,,
Aaron Rodgers,Rare,1,,
Aaron Rodgers,Reignmaker,1,,
Aaron Rodgers,Elite,21,,
Adam Thielen,Core,511,,
Adam Thielen,Legendary,10,,
Adam Trautman,Core,26,,
Adoree' Jackson,Elite,4,,
Adrian Amos,Core,85,,
Adrian Amos,Core,53,,
Adrian Amos,Rare,37,,
Albert Okwuegbunam,Core,440,,
Albert Okwuegbunam,Core,491,,
Albert Okwuegbunam,Elite,14,,
Albert Okwuegbunam,Core,421,,
Alexander Mattison,Core,375,,
Alexander Mattison,Core,87,,
Alexander Mattison,Core,30,,
Alexander Mattison,Core,295,,
Allen Lazard,Legendary,1,,
Allen Lazard,Rare,13,,
Allen Lazard,Core,467,,
Allen Robinson II,Core,316,,
Allen Robinson II,Rare,75,,
Alvin Kamara,Rare,79,,
Alvin Kamara,Legendary,5,,
Amari Cooper,Elite,13,,
Amari Cooper,Core,518,,
Amari Cooper,Elite,8,,
Amari Cooper,Reignmaker,1,,
Amari Cooper,Elite,28,,
Amari Cooper,Legendary,1,,
Amari Rodgers,Rare,39,,
Ameer Abdullah,Core,2,,
Ameer Abdullah,Rare,23,,
Ameer Abdullah,Rare,33,,
Ameer Abdullah,Rare,19,,
Amon-Ra St. Brown,Legendary,3,,
Amon-Ra St. Brown,Elite,17,,
Amon-Ra St. Brown,Elite,29,,
Amon-Ra St. Brown,Legendary,2,,
Amon-Ra St. Brown,Core,409,,
Amon-Ra St. Brown,Rare,9,,
Amon-Ra St. Brown,Rare,118,,
Anthony Firsker,Core,135,,
Anthony McFarland Jr.,Core,101,,
Anthony Miller,Rare,3,,
Antonio Gibson,Core,445,,
Antonio Gibson,Core,128,,
Antonio Gibson,Rare,28,,
Arik Armstead,Legendary,3,,
Auden Tate,Elite,4,,
Auden Tate,Rare,76,,
Austin Ekeler,Legendary,3,,
Austin Hooper,Core,12,,
Austin Hooper,Rare,41,,
Austin Hooper,Elite,26,,
Austin Hooper,Legendary,5,,
Baker Mayfield,Rare,28,,
Baker Mayfield,Core,396,,
Baker Mayfield,Core,254,,
Benny Snell Jr.,Rare,4,,
Blaine Gabbert,Elite,1,,
Blaine Gabbert,Core,52,,
Blake Bell,Rare,37,,
Blake Bell,Rare,39,,
Bobby Wagner,Core,105,,
Bobby Wagner,Core,99,,
Boston Scott,Rare,7,,
Bradley Chubb,Legendary,1,,
Bradley Chubb,Elite,2,,
Brandin Cooks,Core,111,,
Brandin Cooks,Rare,98,,
Brandin Cooks,Legendary,8,,
Brandin Cooks,Elite,4,,
Brandin Cooks,Rare,68,,
Brandon Aiyuk,Reignmaker,1,,
Brandon Aiyuk,Rare,82,,
Brandon Aiyuk,Legendary,3,,
Brandon Aiyuk,Elite,29,,
Brandon Aiyuk,Elite,17,,
Brandon Aiyuk,Core,552,,
Brandon Allen,Rare,26,,
Brandon Allen,Rare,37,,
Brandon Bolden,Rare,16,,
Brandon Graham,Core,188,,
Brandon Graham,Rare,40,,
Brandon McManus,Core,139,,
Brandon McManus,Elite,24,,
Brandon McManus,Rare,11,,
Braxton Berrios,Rare,13,,
Breshad Perriman,Elite,6,,
Brevin Jordan,Legendary,9,,
Brevin Jordan,Elite,26,,
Brevin Jordan,Rare,91,,
Brian Burns,Rare,34,,
Brian Hoyer,Core,95,,
Brian Hoyer,Core,176,,
Bud Dupree,Core,178,,
Budda Baker,Core,174,,
Budda Baker,Core,176,,
Budda Baker,Core,106,,
Byron Pringle,Core,48,,
Byron Pringle,Core,536,,
Byron Pringle,Rare,115,,
Byron Pringle,Reignmaker,1,,
Byron Pringle,Core,96,,
C.J. Mosley,Core,18,,
C.J. Mosley,Legendary,2,,
C.J. Uzomah,Core,119,,
C.J. Uzomah,Rare,89,,
Cairo Santos,Elite,3,,
Cairo Santos,Legendary,3,,
Cairo Santos,Core,263,,
Cairo Santos,Core,284,,
Cairo Santos,Core,447,,
Cairo Santos,Core,157,,
Cairo Santos,Core,160,,
Cairo Santos,Rare,8,,
Calais Campbell,Elite,7,,
Calais Campbell,Core,153,,
Cam Akers,Elite,5,,
Cam Akers,Elite,6,,
Cam Sims,Core,51,,
Cameron Brate,Legendary,10,,
Cameron Brate,Core,477,,
Cameron Jordan,Rare,8,,
Carson Wentz,Legendary,9,,
Carson Wentz,Rare,24,,
Carson Wentz,Core,25,,
Carson Wentz,Core,299,,
Carson Wentz,Elite,24,,
Carson Wentz,Rare,90,,
Case Keenum,Rare,36,,
Case Keenum,Rare,5,,
Case Keenum,Core,144,,
Case Keenum,Rare,4,,
Cedrick Wilson Jr.,Core,498,,
Cedrick Wilson Jr.,Core,138,,
Cedrick Wilson Jr.,Core,419,,
Cedrick Wilson Jr.,Rare,104,,
Cedrick Wilson Jr.,Rare,8,,
CeeDee Lamb,Elite,18,,
CeeDee Lamb,Legendary,10,,
Chad Henne,Core,94,,
Chase Claypool,Elite,26,,
Chase Claypool,Reignmaker,1,,
Chase Claypool,Legendary,3,,
Chase Daniel,Rare,15,,
Chase Edmonds,Legendary,3,,
Chase Edmonds,Core,119,,
Chase Edmonds,Elite,5,,
Chase Edmonds,Rare,6,,
Chase Winovich,Rare,16,,
Chase Young,Elite,5,,
Chris Boswell,Elite,9,,
Chris Boswell,Rare,23,,
Chris Boswell,Rare,52,,
Chris Boswell,Core,116,,
Chris Conley,Rare,12,,
Chris Evans,Core,19,,
Chris Godwin,Elite,24,,
Chris Godwin,Core,329,,
Chris Godwin,Core,477,,
Christian Kirk,Core,457,,
Christian Kirk,Reignmaker,1,,
Christian Kirk,Elite,19,,
Christian Kirk,Core,49,,
Christian Kirk,Core,439,,
Christian Kirk,Elite,12,,
Christian Kirksey,Legendary,4,,
Christian Kirksey,Core,131,,
Christian McCaffrey,Elite,16,,
Christian McCaffrey,Core,293,,
Chubba Hubbard,Elite,11,,
Clyde Edwards-Helaire,Core,443,,
Clyde Edwards-Helaire,Rare,68,,
Clyde Edwards-Helaire,Elite,16,,
Cole Kmet,Core,334,,
Cole Kmet,Core,23,,
Cole Kmet,Core,363,,
Cole Kmet,Core,330,,
Cooper Kupp,Reignmaker,1,,
Cooper Kupp,Core,344,,
Cooper Kupp,Elite,26,,
Cordarrelle Patterson,Core,307,,
Cordarrelle Patterson,Rare,27,,
Corey Davis,Elite,2,,
Corey Davis,Core,245,,
Courtland Sutton,Core,506,,
Courtland Sutton,Legendary,4,,
Curtis Samuel,Elite,3,,
Dak Prescott,Elite,12,,
Dak Prescott,Core,567,,
Dak Prescott,Elite,26,,
Dak Prescott,Core,383,,
Dak Prescott,Rare,91,,
Dak Prescott,Legendary,7,,
Dallas Goedert,Core,424,,
Dallas Goedert,Core,315,,
Dallas Goedert,Core,111,,
Dallas Goedert,Elite,17,,
Dallas Goedert,Legendary,8,,
Dalton Schultz,Rare,37,,
Dalvin Cook,Elite,21,,
Dalvin Cook,Rare,31,,
Dalvin Cook,Elite,5,,
Dalvin Cook,Core,171,,
Damien Harris,Legendary,2,,
Damien Harris,Core,321,,
Damien Harris,Rare,29,,
Damien Harris,Rare,41,,
Damien Harris,Core,574,,
Damien Harris,Elite,17,,
Damien Williams,Core,578,,
Damien Williams,Core,353,,
Damien Williams,Elite,30,,
Damien Williams,Legendary,1,,
D'Andre Swift,Rare,111,,
D'Andre Swift,Core,203,,
D'Andre Swift,Elite,20,,
D'Andre Swift,Rare,80,,
Daniel Carlson,Core,311,,
Daniel Carlson,Elite,8,,
Daniel Carlson,Core,111,,
Daniel Carlson,Rare,96,,
Daniel Jones,Elite,18,,
Daniel Jones,Core,364,,
Daniel Jones,Core,214,,
Daniel Jones,Rare,90,,
Daniel Jones,Rare,117,,
Daniel Jones,Rare,44,,
Daniel Jones,Reignmaker,1,,
Daniel Jones,Reignmaker,2,,
Darius Leonard,Core,12,,
Darius Slayton,Elite,7,,
Darius Slayton,Rare,19,,
Darnell Mooney,Legendary,5,,
Darnell Mooney,Legendary,2,,
Darnell Mooney,Core,12404,,
Darnell Savage,Rare,38,,
Darrell Henderson Jr.,Core,102,,
Darrell Henderson Jr.,Rare,7,,
Darrell Henderson Jr.,Rare,91,,
Darren Waller,Legendary,2,,
Darren Waller,Elite,25,,
Darren Waller,Elite,23,,
Darren Waller,Elite,22,,
Darren Waller,Core,366,,
Darrynton Evans,Rare,21,,
Davante Adams,Elite,8,,
Davante Adams,Elite,10,,
Davante Adams,Legendary,4,,
Davante Adams,Rare,68,,
David Montgomery,Elite,8,,
David Montgomery,Core,245,,
David Montgomery,Rare,71,,
David Montgomery,Legendary,5,,
David Njoku,Core,35,,
David Njoku,Legendary,10,,
David Njoku,Core,492,,
Davis Mills,Rare,114,,
Davis Mills,Rare,42,,
Davis Mills,Rare,107,,
Davis Mills,Rare,15,,
Davis Mills,Core,512,,
Davis Mills,Core,151,,
Dawson Knox,Elite,24,,
Dee Eskridge,Core,132,,
Deebo Samuel,Legendary,8,,
Deebo Samuel,Core,516,,
Deebo Samuel,Core,163,,
Deebo Samuel,Core,38,,
DeeJay Dallas,Elite,6,,
Deion Jones,Elite,8,,
Deion Jones,Elite,9,,
Deion Jones,Core,187,,
Demario Davis,Core,197,,
Demario Davis,Core,165,,
Denzel Perryman,Core,4,,
Denzel War,Elite,10,,
Denzel Ward,Core,118,,
Derek Carr,Reignmaker,1,,
Derek Carr,Core,547,,
Derek Carr,Core,337,,
Derek Carr,Legendary,4,,
Derek Carr,Legendary,7,,
D'Ernest Johnson,Rare,24,,
D'Ernest Johnson,Rare,30,,
Derrick Brown,Rare,7,,
Derrick Brown,Core,194,,
Derrick Brown,Core,4,,
Derrick Gore,Core,82,,
Derrick Henry,Reignmaker,1,,
Derrick Henry,Legendary,6,,
Derrick Henry,Rare,80,,
Derrick Henry,Rare,83,,
Derwin James Jr.,Core,107,,
Derwin James Jr.,Core,69,,
Deshaun Watson,Core,67,,
Deshaun Watson,Core,236,,
Deshaun Watson,Core,587,,
DeVante Parker,Core,492,,
DeVante Parker,Core,436,,
Devin Duvernay,Rare,73,,
Devin Duvernay,Core,258,,
Devin McCourty,Core,61,,
Devin McCourty,Core,41,,
Devin Singletary,Legendary,8,,
Devin Singletary,Core,81,,
Devin Singletary,Elite,23,,
DeVonta Smith,Rare,15,,
DeVonta Smith,Rare,3,,
DeVonta Smith,Legendary,2,,
Dez Fitzpartrick,Rare,26,,
Dez Fitzpartrick,Elite,4,,
Diontae Johnson,Rare,89,,
Diontae Johnson,Reignmaker,1,,
Diontae Johnson,Core,503,,
Diontae Johnson,Legendary,8,,
Diontae Johnson,Elite,15,,
Diontae Johnson,Core,391,,
DJ Chark Jr.,Core,284,,
DJ Chark Jr.,Rare,10,,
DJ Chark Jr.,Rare,89,,
DJ Moore,Legendary,2,,
DJ Moore,Core,343,,
DJ Moore,Core,138,,
DJ Moore,Rare,100,,
DJ Moore,Elite,17,,
DK Metcalf,Elite,3,,
Donovan Peoples-Jones,Rare,117,,
Donovan Peoples-Jones,Core,134,,
Donovan Peoples-Jones,Core,501,,
Donovan Peoples-Jones,Core,329,,
D'Onta Foreman,Core,154,,
Donte Jackson,Rare,27,,
Donte Jackson,Rare,12,,
Donte Jackson,Elite,6,,
Dontrell Hilliard,Core,145,,
Drew Sample,Core,200,,
Duke Johnson,Rare,54,,
Duke Johnson,Elite,8,,
Dustin Hopkins,Core,483,,
Dustin Hopkins,Core,4,,
Dustin Hopkins,Elite,26,,
Dyami Brown,Core,14,,
Dyami Brown,Core,110,,
Eddie Jackson,Core,80,,
Eli Mitchell,Reignmaker,1,,
Elijah Moore,Core,15,,
Elijah Moore,Rare,94,,
Elijah Moore,Elite,16,,
Eno Benjamin,Rare,4,,
Eno Benjamin,Core,122,,
Equanimeous St. Brown,Rare,62,,
Equanimeous St. Brown,Core,166,,
Equanimeous St. Brown,Rare,53,,
Equanimeous St. Brown,Core,301,,
Equanimeous St. Brown,Rare,58,,
Eric Tomlinson,Elite,3,,
Eric Tomlinson,Core,190,,
Evan Engram,Rare,89,,
Evan Engram,Elite,18,,
Evan Engram,Core,371,,
Evan McPherson,Core,26,,
Evan McPherson,Core,600,,
Evan McPherson,Rare,92,,
Ezekiel Elliott,Core,345,,
Foster Moreau,Core,95,,
Frank Clark,Core,147,,
Freddie Swain,Rare,14,,
Gabriel Davis,Rare,27,,
Gabriel Davis,Reignmaker,1,,
Gabriel Davis,Core,197,,
Gabriel Davis,Core,16699,,
Gabriel Davis,Rare,53,,
Gardner Minshew II,Rare,38,,
Geoff Swaim,Elite,8,,
George Kittle,Reignmaker,1,,
George Kittle,Legendary,8,,
Gerald Everett,Legendary,2,,
Gerald Everett,Core,347,,
Giovani Bernard,Core,513,,
Giovani Bernard,Elite,2,,
Giovani Bernard,Rare,55,,
Giovani Bernard,Core,7,,
Grady Jarrett,Core,63,,
Graham Gano,Core,419,,
Graham Gano,Core,253,,
Graham Gano,Elite,18,,
Graham Gano,Rare,114,,
Greg Joseph,Core,376,,
Greg Joseph,Core,494,,
Greg Joseph,Rare,35,,
Greg Ward Jr.,Rare,37,,
Greg Zuerlein,Rare,50,,
Greg Zuerlein,Rare,79,,
Greg Zuerlein,Core,430,,
Gus Edwards,Rare,97,,
Harrison Butker,Elite,24,,
Harrison Butker,Core,385,,
Harrison Butker,Elite,6,,
Harrison Butker,Rare,18,,
Harrison Butker,Elite,23,,
Harrison Butker,Rare,67,,
Harrison Butker,Legendary,6,,
Harrison Butker,Elite,5,,
Harrison Smith,Rare,32,,
Harrison Smith,Rare,26,,
Hayden Hurst,Rare,64,,
Hayden Hurst,Core,214,,
Hayden Hurst,Core,557,,
Hayden Hurst,Rare,3,,
Hayden Hurst,Core,172,,
Hayden Hurst,Elite,8,,
Hayden Hurst,Elite,18,,
Hayden Hurst,Rare,45,,
Hayden Hurst,Core,231,,
Hunter Henry,Rare,82,,
Hunter Henry,Core,17,,
Hunter Henry,Core,338,,
Hunter Henry,Core,519,,
Hunter Henry,Rare,58,,
Hunter Renfrow,Core,551,,
Hunter Renfrow,Legendary,3,,
Hunter Renfrow,Rare,103,,
Irv Smith Jr.,Rare,91,,
Irv Smith Jr.,Core,42,,
Irv Smith Jr.,Core,403,,
Isaiah McKenzie,Core,164,,
Isaiah McKenzie,Rare,12,,
Isaiah Simmons,Elite,8,,
J.C. Jackson,Core,82,,
J.D. McKissic,Core,547,,
J.J. Watt,Rare,9,,
J.K. Dobbins,Core,359,,
J.K. Dobbins,Core,456,,
J.K. Dobbins,Core,464,,
Jacob Eason,Core,74,,
Jacob Eason,Core,162,,
Jacob Eason,Rare,27,,
Jacob Hollister,Core,50,,
Jacoby Brissett,Elite,2,,
Jaire Alexander,Rare,1,,
Jake Elliott,Core,469,,
Jake Elliott,Rare,119,,
Jake Elliott,Rare,120,,
Jakobi Meyers,Core,273,,
Jakobi Meyers,Core,274,,
Jakobi Meyers,Core,246,,
Jakobi Meyers,Rare,70,,
Jakobi Meyers,Rare,42,,
Jakobi Meyers,Elite,15,,
Jalen Guyton,Core,35,,
Jalen Hurts,Rare,35,,
Jalen Hurts,Legendary,9,,
Jalen Hurts,Elite,12,,
Jamaal Williams,Core,399,,
Jamaal Williams,Rare,70,,
Jamaal Williams,Elite,2,,
Ja'Marr Chase,Legendary,7,,
Ja'Marr Chase,Core,55,,
Ja'Marr Chase,Rare,24,,
Ja'Marr Chase,Elite,23,,
Jameis Winston,Core,535,,
Jameis Winston,Rare,33,,
Jameis Winston,Legendary,9,,
James Conner,Reignmaker,1,,
James Conner,Elite,8,,
James Conner,Rare,2,,
James Conner,Core,530,,
James Conner,Core,329,,
James O'Shaughnessy,Rare,2,,
James O'Shaughnessy,Elite,7,,
James Robinson,Legendary,3,,
James Robinson,Rare,99,,
James Washington,Core,226,,
James Washington,Core,255,,
James Washington,Core,378,,
James White,Core,91,,
James White,Core,263,,
James White,Rare,15,,
James White,Rare,22,,
James White,Core,3,,
James White,Elite,2,,
James White,Core,139,,
Jamison Crowder,Rare,11,,
Jamison Crowder,Elite,26,,
Jamison Crowder,Legendary,10,,
Jamison Crowder,Core,65,,
Jamison Crowder,Elite,30,,
JaMycal Hasty,Core,50,,
JaMycal Hasty,Rare,11,,
JaMycal Hasty,Rare,31,,
Jared Goff,Core,280,,
Jared Goff,Elite,20,,
Jared Goff,Core,69,,
Jared Goff,Core,148,,
Jared Goff,Core,9402,,
Jared Goff,Elite,6,,
Jaret Patterson,Core,159,,
Jason Myers,Core,448,,
Jason Myers,Rare,57,,
Jason Sanders,Rare,32,,
Javon Hargrave,Rare,35,,
Javon Hargrave,Rare,4,,
Javon Hargrave,Rare,6,,
Javonte Williams,Rare,38,,
Javonte Williams,Elite,10,,
Javonte Williams,Core,66,,
Javonte Williams,Rare,47,,
Javonte Williams,Legendary,6,,
Jaylen Waddle,Elite,600,,
Jaylen Waddle,Elite,11,,
Jaylen Waddle,Reignmaker,1,,
Jaylen Waddle,Core,18,,
Jaylen Waddle,Core,55,,
Jeff Wilson Jr.,Elite,5,,
Jeffery Simmons,Core,152,,
Jeffery Simmons,Rare,1,,
Jermar Jefferson,Rare,6,,
Jermar Jefferson,Rare,5,,
Jerome Baker,Rare,13,,
Jerry Jeudy,Rare,92,,
Jerry Jeudy,Rare,18,,
Jerry Jeudy,Core,128,,
Jerry Jeudy,Core,417,,
Jevon Holland,Elite,2,,
Jimmy Garoppolo,Core,66,,
Jimmy Garoppolo,Elite,2,,
Jimmy Garoppolo,Rare,23,,
Joe Burrow,Elite,19,,
Joe Burrow,Elite,14,,
Joe Burrow,Reignmaker,1,,
Joe Burrow,Core,398,,
Joe Burrow,Core,91,,
Joe Burrow,Core,295,,
Joe Burrow,Elite,15,,
Joe Mixon,Rare,94,,
Joe Mixon,Rare,74,,
Joe Mixon,Core,253,,
Joe Mixon,Elite,18,,
Joey Slye,Rare,109,,
Joey Slye,Core,347,,
Joey Slye,Core,356,,
John Johnson III,Core,165,,
Johnathan Abram,Core,182,,
Johnathan Abram,Legendary,2,,
Johnathan Abram,Legendary,4,,
Jonathan Taylor,Legendary,5,,
Jonathan Taylor,Core,86,,
Jonnu Smith,Core,6,,
Jordan Fuller,Elite,2,,
Jordan Love,Elite,1,,
Jordan Poyer,Elite,5,,
Jordyn Brooks,Core,51,,
Josh Allen,Legendary,5,,
Josh Allen,Legendary,1,,
Josh Allen,Rare,5,,
Josh Allen,Rare,27,,
Josh Allen,Legendary,10,,
Josh Gordon,Core,164,,
Josh Jacobs,Elite,2,,
Josh Jacobs,Core,577,,
Josh Reynolds,Elite,9,,
Josh Reynolds,Core,76,,
Joshua Kelley,Core,53,,
Joshua Palmer,Elite,13,,
Joshua Palmer,Core,5,,
Joshua Palmer,Core,310,,
Joshua Palmer,Rare,4,,
Juju Smith-Schuster,Rare,80,,
Juju Smith-Schuster,Rare,45,,
Justin Fields,Elite,3,,
Justin Fields,Rare,39,,
Justin Fields,Rare,67,,
Justin Fields,Core,89,,
Justin Fields,Legendary,2,,
Justin Herbert,Legendary,5,,
Justin Herbert,Reignmaker,1,,
Justin Jefferson,Legendary,4,,
Justin Jefferson,Elite,8,,
Justin Jefferson,Elite,23,,
Justin Jefferson,Core,185,,
Justin Simmons,Rare,39,,
Justin Simmons,Elite,6,,
Justin Tucker,Rare,115,,
Justin Tucker,Elite,30,,
Justin Tucker,Rare,6,,
K.J. Osborn,Core,137,,
K.J. Osborn,Rare,38,,
K.J. Osborn,Core,453,,
K.J. Osborn,Core,537,,
K.J. Osborn,Core,513,,
Kadarius Toney,Core,472,,
Kadarius Toney,Rare,93,,
Ka'imi Fairbairn,Core,269,,
Ka'imi Fairbairn,Rare,18,,
Kamu Grugier-Hill,Core,51,,
Kareem Hunt,Elite,9,,
Kareem Hunt,Rare,34,,
Kareem Hunt,Core,342,,
Kareem Jackson,Legendary,1,,
Keenan Allen,Core,16,,
Keenan Allen,Rare,66,,
Keenan Allen,Core,456,,
KeeSean Johnson,Rare,40,,
Keke Coutee,Core,172,,
Kendrick Bourne,Elite,17,,
Kendrick Bourne,Rare,81,,
Kenneth Gainwell,Elite,26,,
Kenneth Gainwell,Elite,7,,
Kenneth Gainwell,Core,213,,
Kenneth Gainwell,Core,557,,
Kenneth Gainwell,Core,42,,
Kenneth Gainwell,Core,146,,
Kenneth Gainwell,Core,377,,
Kenneth Gainwell,Rare,98,,
Kenneth Gainwell,Core,424,,
Kenny Clark,Rare,23,,
Kenny Golladay,Core,400,,
Kenny Golladay,Rare,62,,
Kenyan Drake,Core,296,,
Kenyon Drake,Core,255,,
Khalil Herbert,Rare,50,,
Khalil Herbert,Rare,3,,
Khalil Herbert,Core,375,,
Khalil Herbert,Legendary,10,,
Khalil Herbert,Core,74,,
Khalil Herbert,Core,6,,
Khalil Herbert,Core,156,,
Khalil Herbert,Core,424,,
Khalil Herbert,Core,557,,
Kirk Cousins,Legendary,9,,
Kirk Cousins,Rare,44,,
Kirk Cousins,Core,23,,
KJ Hamler,Elite,14,,
Kyle Pitts,Elite,20,,
Kyle Pitts,Rare,84,,
Kyle Pitts,Rare,8,,
Kyle Pitts,Rare,17,,
Kyle Pitts,Legendary,1,,
Kyle Pitts,Legendary,7,,
Kyle Pitts,Core,385,,
Kyle Pitts,Core,26,,
Kyle Pitts,Elite,7,,
Kyle Pitts,Reignmaker,1,,
Kyle Pitts,Core,350,,
Kyle Pitts,Elite,3,,
Kylen Granson,Core,18,,
Kylen Granson,Core,180,,
Kyler Murray,Core,366,,
Kyler Murray,Legendary,10,,
Kyler Murray,Elite,17,,
Kylin Hill,Rare,19,,
Kylin Hill,Rare,20,,
Lamar Jackson,Reignmaker,1,,
Lamar Jackson,Legendary,1,,
Lamar Jackson,Legendary,10,,
Lamar Jackson,Legendary,5,,
Lamar Jackson,Core,398,,
Lamar Jackson,Core,456,,
Lamar Jackson,Core,509,,
Lamar Jackson,Elite,15,,
Lamarcus Joyner,Rare,29,,
Lamarcus Joyner,Core,14,,
Laquon Treadwell,Core,51,,
Lavonte David,Core,56,,
Lavonte David,Core,169,,
Leonard Fournette,Legendary,10,,
Leonard Fournette,Core,17461,,
Leonard Williams,Rare,2,,
Leonard Williams,Elite,7,,
Logan Thomas,Core,143,,
Logan Thomas,Rare,91,,
Mac Jones,Core,201,,
Mac Jones,Core,454,,
Malcolm Butler,Core,89,,
Malcolm Butler,Rare,13,,
Malcom Brown,Core,142,,
Marcus Mariota,Core,341,,
Marcus Williams,Core,24,,
Mark Andrews,Elite,4,,
Mark Andrews,Rare,77,,
Mark Andrews,Rare,45,,
Mark Andrews,Legendary,6,,
Mark Andrews,Elite,20,,
Mark Andrews,Legendary,10,,
Mark Andrews,Rare,37,,
Mark Andrews,Rare,55,,
Mark Andrews,Elite,13,,
Mark Andrews,Legendary,2,,
Mark Andrews,Elite,22,,
Mark Ingram II,Rare,78,,
Mark Ingram II,Rare,25,,
Mark Ingram II,Rare,92,,
Mark Ingram II,Core,180,,
Mark Ingram II,Core,262,,
Mark Ingram II,Rare,50,,
Marlon Humphrey,Rare,5,,
Marlon Mack,Rare,40,,
Marlon Mack,Core,283,,
Marlon Mack,Legendary,6,,
Marquez Callaway,Rare,25,,
Marquez Callaway,Core,319,,
Marquez Valdes-Scantling,Rare,36,,
Marquez Valdes-Scantling,Rare,114,,
Marquise Brown,Core,390,,
Marvin Jones Jr.,Core,136,,
Marvin Jones Jr.,Core,150,,
Marvin Jones Jr.,Rare,36,,
Marvin Jones Jr.,Legendary,9,,
Mason Crosby,Core,216,,
Mason Crosby,Rare,24,,
Mason Crosby,Rare,65,,
Matt Breida,Elite,20,,
Matt Breida,Core,200,,
Matt Gay,Elite,5,,
Matt Gay,Core,322,,
Matt Gay,Rare,67,,
Matt Prater,Core,591,,
Matt Prater,Core,371,,
Matt Prater,Elite,13,,
Matt Prater,Rare,10,,
Matt Ryan,Rare,75,,
Matt Ryan,Core,49,,
Matt Ryan,Elite,11,,
Matt Ryan,Core,245,,
Matt Ryan,Elite,28,,
Matthew Stafford,Rare,70,,
Matthew Stafford,Core,13,,
Maxx Crosby,Rare,11,,
Mecole Hardman,Elite,21,,
Mecole Hardman,Core,20,,
Mecole Hardman,Core,93,,
Mecole Hardman,Core,168,,
Mecole Hardman,Elite,7,,
Melvin Gordon III,Core,369,,
Melvin Gordon III,Core,386,,
Melvin Gordon III,Legendary,5,,
Micah Hyde,Core,197,,
Micah Hyde,Core,48,,
Michael Carter,Core,350,,
Michael Carter,Core,129,,
Michael Gallup,Legendary,6,,
Michael Gallup,Rare,43,,
Michael Gallup,Core,376,,
Michael Gallup,Rare,38,,
Michael Gallup,Core,162,,
Michael Gallup,Core,445,,
Michael Pittman Jr.,Rare,23,,
Michael Pittman Jr.,Legendary,5,,
Michael Pittman Jr.,Core,261,,
Michael Pittman Jr.,Core,512,,
Michael Thomas,Core,16,,
Michael Thomas,Legendary,1,,
Michael Thomas,Reignmaker,1,,
Michael Thomas,Rare,15,,
Mike Davis,Rare,83,,
Mike Davis,Legendary,1,,
Mike Davis,Rare,65,,
Mike Davis,Legendary,8,,
Mike Evans,Rare,70,,
Mike Evans,Elite,4,,
Mike Evans,Core,52,,
Mike Gesicki,Legendary,2,,
Mike Gesicki,Core,498,,
Mike Gesicki,Rare,112,,
Mike Gesicki,Core,206,,
Mike Gesicki,Core,318,,
Mike Gesicki,Core,457,,
Mike Gesicki,Elite,25,,
Mike Hughes,Legendary,2,,
Mike Hughes,Rare,29,,
Mike White,Rare,19,,
Mike Williams,Rare,120,,
Mike Williams,Elite,9,,
Mike Williams,Core,95,,
Mike Williams,Core,292,,
Mike Williams,Core,316,,
Mike Williams,Core,397,,
Mike Williams,Elite,3,,
Mike Williams,Elite,4,,
Mike Williams,Elite,6,,
Miles Sanders,Rare,20,,
Miles Sanders,Core,59,,
Miles Sanders,Core,225,,
Miles Sanders,Rare,74,,
Mitch Trubisky,Rare,64,,
Mitch Trubisky,Core,496,,
Mitch Trubisky,Core,6,,
Mitch Trubisky,Elite,7,,
Mitch Trubisky,Legendary,6,,
Mo Alie-Cox,Core,174,,
Mo Alie-Cox,Reignmaker,1,,
Mo Alie-Cox,Core,327,,
Mo Alie-Cox,Rare,59,,
Montez Sweat,Rare,4,,
Myles Garrett,Elite,3,,
Myles Garrett,Core,56,,
Myles Gaskin,Elite,29,,
Myles Gaskin,Elite,11,,
Myles Gaskin,Core,15,,
Myles Gaskin,Core,506,,
Myles Gaskin,Rare,93,,
Myles Gaskin,Rare,95,,
Myles Gaskin,Core,229,,
Myles Gaskin,Core,187,,
Najee Harris,Rare,72,,
Najee Harris,Legendary,2,,
Najee Harris,Legendary,9,,
Najee Harris,Core,198,,
Najee Harris,Core,454,,
Najee Harris,Elite,11,,
Najee Harris,Legendary,7,,
Najee Harris,Rare,20,,
Nick Bosa,Rare,31,,
Nick Chubb,Rare,30,,
Nick Chubb,Core,277,,
Nick Chubb,Rare,116,,
Nick Chubb,Core,99,,
Nick Folk,Rare,97,,
Nick Folk,Rare,89,,
Nick Folk,Core,258,,
Nick Folk,Elite,28,,
Nick Folk,Elite,30,,
Nick Westbrook-Ikhine,Elite,17,,
Nick Westbrook-Ikhine,Core,67,,
Nick Westbrook-Ikhine,Core,336,,
Nick Westbrook-Ikhine,Core,4,,
Nick Westbrook-Ikhine,Core,77,,
Nick Westbrook-Ikhine,Core,128,,
Nick Westbrook-Ikhine,Core,510,,
Nico Collins,Core,328,,
Nico Collins,Core,97,,
Nico Collins,Core,425,,
N'Keal Harry,Core,183,,
Noah Fant,Rare,10,,
Nyheim Hines,Rare,35,,
Nyheim Hines,Core,42,,
Nyheim Hines,Rare,119,,
Nyheim Hines,Legendary,10,,
O.J. Howard,Rare,9,,
Olamide Zaccheaus,Core,318,,
Olamide Zaccheaus,Core,264,,
Parris Campbell,Core,58,,
Parris Campbell,Core,549,,
Parris Campbell,Elite,1,,
Parris Campbell,Rare,24,,
Parris Campbell,Core,166,,
Pat Freiermuth,Rare,67,,
Pat Freiermuth,Core,439,,
Pat Freiermuth,Core,519,,
Pat Freiermuth,Core,554,,
Patrick Mahomes,Elite,2,,
Patrick Mahomes,Legendary,10,,
Patrick Mahomes,Elite,17,,
Patrick Mahomes,Legendary,6,,
Patrick Mahomes,Core,23,,
Patrick Mahomes,Core,558,,
Patrick Mahomes,Elite,9,,
Quez Watkins,Core,47,,
Quez Watkins,Core,189,,
Quez Watkins,Rare,12,,
Quinnen Williams,Elite,5,,
Quinnen Williams,Legendary,2,,
Raheem Mostert,Core,554,,
Raheem Mostert,Core,517,,
Raheem Mostert,Elite,23,,
Raheem Mostert,Elite,19,,
Raheem Mostert,Elite,10,,
Randall Cobb,Core,362,,
Randall Cobb,Elite,14,,
Randall Cobb,Legendary,6,,
Randall Cobb,Core,121,,
Randall Cobb,Core,169,,
Randall Cobb,Core,504,,
Randy Bullock,Core,334,,
Randy Bullock,Core,100,,
Randy Bullock,Core,61,,
Randy Bullock,Rare,48,,
Rashaad Penny,Core,216,,
Rashaad Penny,Core,263,,
Rashaad Penny,Elite,22,,
Rashard Higgins,Elite,5,,
Rashod Bateman,Core,3,,
Rashod Bateman,Rare,82,,
Rex Burkhead,Core,7,,
Rex Burkhead,Core,221,,
Rex Burkhead,Core,240,,
Rex Burkhead,Rare,104,,
Rex Burkhead,Legendary,10,,
Rhamondre Stevenson,Core,385,,
Rhamondre Stevenson,Core,38,,
Richie James Jr.,Rare,15,,
Richie James Jr.,Core,61,,
Richie James Jr.,Core,112,,
Richie James Jr.,Core,160,,
Richie James Jr.,Elite,7,,
Richie James Jr.,Rare,68,,
Riley Patterson,Core,364,,
Riley Patterson,Core,455,,
Riley Patterson,Legendary,10,,
Riley Patterson,Core,218,,
Riley Patterson,Elite,13,,
Riley Patterson,Rare,82,,
Robbie Anderson,Core,112,,
Robbie Anderson,Core,121,,
Robbie Anderson,Rare,73,,
Robbie Anderson,Core,270,,
Robbie Gould,Legendary,5,,
Robbie Gould,Core,185,,
Robbie Gould,Core,166,,
Robbie Gould,Core,221,,
Robbie Gould,Rare,8,,
Robbie Gould,Core,593,,
Robbie Gould,Rare,50,,
Robbie Gould,Core,515,,
Robbie Gould,Rare,48,,
Robert Quinn,Rare,100,,
Robert Quinn,Core,164,,
Robert Tonyan,Core,66,,
Robert Tonyan,Rare,108,,
Robert Tonyan,Core,246,,
Robert Tonyan,Core,507,,
Robert Tonyan,Elite,8,,
Robert Tonyan,Elite,6,,
Robert Tonyan,Rare,49,,
Robert Tonyan,Rare,63,,
Robert Woods,Rare,22,,
Robert Woods,Reignmaker,1,,
Robert Woods,Core,121,,
Robert Woods,Rare,12,,
Rodrigo Blankenship,Elite,30,,
Rodrigo Blankenship,Rare,47,,
Rodrigo Blankenship,Core,152,,
Ronald Jones II,Legendary,10,,
Ronald Jones II,Core,398,,
Ronald Jones II,Rare,30,,
Rondale Moore,Elite,12,,
Ross Dwelley,Rare,1,,
Royce Freeman,Core,90,,
Royce Freeman,Core,27,,
Russell Gage,Rare,7,,
Russell Gage,Core,377,,
Russell Gage,Core,380,,
Russell Gage,Core,544,,
Russell Gage,Rare,111,,
Russell Wilson,Elite,21,,
Russell Wilson,Legendary,2,,
Ryan Succop,Core,283,,
Ryan Succop,Rare,106,,
Ryan Succop,Core,34,,
Ryan Succop,Rare,86,,
Ryan Tannehill,Elite,7,,
Ryan Tannehill,Rare,88,,
Ryan Tannehill,Legendary,2,,
Ryan Tannehill,Core,589,,
Ryan Tannehill,Core,511,,
Ryan Tannehill,Legendary,4,,
Ryan Tannehill,Rare,93,,
Salvon Ahmed,Legendary,3,,
Samaje Perine,Core,61,,
Sammy Watkins,Core,154,,
Saquon Barkley,Legendary,2,,
Saquon Barkley,Core,339,,
Saquon Barkley,Core,429,,
Saquon Barkley,Legendary,9,,
Seth Williams,Elite,8,,
Shaquil Barrett,Core,5,,
Shaquil Barrett,Core,69,,
Sidney Jones IV,Rare,3,,
Sidney Jones IV,Elite,5,,
Stefon Diggs,Elite,20,,
Stefon Diggs,Elite,10,,
Stefon Diggs,Reignmaker,1,,
Stefon Diggs,Elite,4,,
Stefon Diggs,Core,439,,
Stefon Diggs,Core,535,,
Stefon Diggs,Core,10570,,
Stephon Gilmore,Rare,9,,
Stephon Gilmore,Core,121,,
Stephon Gilmore,Core,150,,
Sterling Shepard,Core,105,,
Sterling Shepard,Core,451,,
Sterling Shepard,Core,30,,
Sterling Shepard,Elite,5,,
Sterling Shepard,Rare,39,,
T.J. Hockenson,Core,547,,
T.J. Hockenson,Elite,26,,
T.J. Hockenson,Core,62,,
T.J. Hockenson,Core,489,,
T.J. Hockenson,Elite,14,,
T.J. Hockenson,Legendary,9,,
Taylor Heinicke,Core,104,,
Taysom Hill,Core,364,,
Taysom Hill,Elite,25,,
Taysom Hill,Core,524,,
Tee Higgins,Legendary,1,,
Tee Higgins,Legendary,4,,
Tee Higgins,Core,454,,
Tee Higgins,Rare,62,,
Tee Higgins,Core,538,,
Tee Higgins,Elite,4,,
Tee Higgins,Elite,12,,
Tee Higgins,Rare,97,,
Terrace Marshall Jr.,Core,132,,
Terrace Marshall Jr.,Elite,22,,
Terrace Marshall Jr.,Rare,49,,
Terry McLaurin,Rare,18,,
Terry McLaurin,Core,292,,
Terry McLaurin,Reignmaker,1,,
Terry McLaurin,Rare,82,,
Tevin Coleman,Core,272,,
Tevin Coleman,Rare,94,,
Tevin Coleman,Reignmaker,1,,
Tim Boyle,Elite,37,,
Tim Patrick,Core,245,,
Tim Patrick,Elite,25,,
Tom Brady,Rare,50,,
Tom Brady,Core,560,,
Tommy Tremble,Core,32,,
Tony Pollard,Core,226,,
Tony Pollard,Core,447,,
Tony Pollard,Rare,25,,
Tony Pollard,Core,122,,
Tony Pollard,Rare,94,,
Tracy Walker,Elite,1,,
Travis Etienne Jr.,Rare,37,,
Travis Etienne Jr.,Core,87,,
Travis Etienne Jr.,Core,577,,
Travis Etienne Jr.,Rare,29,,
Travis Homer,Core,145,,
Travis Kelce,Rare,59,,
Travis Kelce,Reignmaker,1,,
Travis Kelce,Legendary,1,,
Travis Kelce,Elite,3,,
Travis Kelce,Elite,22,,
Travis Kelce,Elite,19,,
Travis Kelce,Elite,13,,
Tre'Davious White,Legendary,3,,
Trevis Gipson,Rare,2,,
Trevis Gipson,Rare,9,,
Trevor Lawrence,Core,158,,
Trevor Lawrence,Core,33,,
Trevor Lawrence,Elite,9,,
Trevor Lawrence,Rare,75,,
Trevor Lawrence,Rare,73,,
Trevor Lawrence,Elite,1,,
Trevor Lawrence,Legendary,6,,
Trey Hendrickson,Elite,5,,
Trey Hendrickson,Core,47,,
Trey Lance,Elite,24,,
Trey Lance,Rare,82,,
Trey Sermon,Rare,11,,
Tua Tagovailoa,Rare,90,,
Tua Tagovailoa,Core,264,,
Tutu Atwell,Legendary,3,,
Ty Johnson,Rare,36,,
Ty Johnson,Core,200,,
Ty Montgomery,Elite,6,,
Ty Montgomery,Core,136,,
Tyler Bass,Core,111,,
Tyler Bass,Core,167,,
Tyler Bass,Core,169,,
Tyler Bass,Elite,17,,
Tyler Bass,Rare,106,,
Tyler Boyd,Core,584,,
Tyler Boyd,Core,518,,
Tyler Boyd,Legendary,7,,
Tyler Boyd,Core,84,,
Tyler Higbee,Rare,89,,
Tyler Higbee,Core,558,,
Tyler Lockett,Core,314,,
Tyler Lockett,Core,370,,
Tyler Lockett,Elite,11,,
Tyrann Mathieu,Rare,7,,
Tyrann Mathieu,Core,32,,
Tyreek Hill,Rare,65,,
Tyreek Hill,Core,510,,
Tyreek Hill,Core,354,,
Tyreek Hill,Legendary,3,,
Tyreek Hill,Core,276,,
Tyreek Hill,Core,526,,
Tyreek Hill,Rare,62,,
Tyrod Taylor,Rare,161,,
Van Jefferson,Core,180,,
Van Jefferson,Core,522,,
Van Jefferson,Rare,94,,
Vonn Bell,Rare,2,,
Wil Lutz,Rare,69,,
Wil Lutz,Rare,28,,
Wil Lutz,Core,90,,
Wil Lutz,Core,5,,
Wil Lutz,Core,476,,
Wil Lutz,Elite,5,,
Wil Lutz,Rare,102,,
Wil Lutz,Rare,77,,
Will Dissly,Rare,21,,
Will Dissly,Core,102,,
Xavier Mckinney,Core,171,,
Xavier Mckinney,Rare,20,,
Xavier Mckinney,Core,168,,
Xavier Woods,Rare,39,,
Xavier Woods,Rare,23,,
Xavier Woods,Elite,2,,
Yannick Ngakoue,Core,67,,
Yannick Ngakoue,Rare,9,,
Younghoe Koo,Reignmaker,1,,
Younghoe Koo,Core,31,,
Younghoe Koo,Rare,81,,
Zach Ertz,Rare,29,,
Zach Ertz,Core,582,,
Zach Ertz,Elite,12,,
Zach Ertz,Core,356,,
Zach Ertz,Core,415,,
Zach Ertz,Elite,5,,
Zach Wilson,Core,274,,
Za'Darius Smith,Core,131,,
Za'Darius Smith,Rare,6,,
Zane Gonzalez,Elite,24,,
Zane Gonzalez,Rare,117,,
Zane Gonzalez,Core,11548,,
Zane Gonzalez,Rare,22,,
Zay Jones,Core,430,,
Zay Jones,Rare,29,,
Zay Jones,Core,284,,
Zay Jones,Rare,53,,